{
  "protocol": 4,
  "alpha": 0.05,
  "final_window_epochs": 100,
  "descriptives": {
    "baseline": {
      "scr": {
        "mean": 0.24743041437051475,
        "sd": 0.06219552608436967,
        "min": 0.15891468253968255,
        "max": 0.3832718253968253,
        "values": [
          0.2733337382572076,
          0.2468769841269841,
          0.29621011704345035,
          0.1811038573135347,
          0.15891468253968255,
          0.22215136054421766,
          0.3832718253968253,
          0.24594356261022926,
          0.22917460317460317,
          0.23732341269841267
        ]
      },
      "cdi": {
        "mean": -0.00037508391640233,
        "sd": 0.0008644104518458004,
        "min": -0.0021050541516245487,
        "max": 0.0007116147308781869,
        "values": [
          0.0007116147308781869,
          -0.001158477508650519,
          -0.0005423664122137403,
          -0.0007537414965986394,
          -0.00013566433566433568,
          0.00036745283018867924,
          -0.00011929046563192904,
          -0.0021050541516245487,
          0.000633416458852868,
          -0.0006487288135593219
        ]
      }
    },
    "below_threshold": {
      "scr": {
        "mean": 0.36832515154222234,
        "sd": 0.09631827478979067,
        "min": 0.23494444444444443,
        "max": 0.46273809523809517,
        "values": [
          0.27015103660511824,
          0.43325198412698407,
          0.46273809523809517,
          0.23494444444444443,
          0.4590723194039521,
          0.24774531024531027,
          0.4538095238095239,
          0.28214694812632957,
          0.41102693602693613,
          0.4283649173955296
        ]
      },
      "cdi": {
        "mean": -0.001325440840200351,
        "sd": 0.001489935681330359,
        "min": -0.00333960113960114,
        "max": 0.0013219373219373219,
        "values": [
          -0.0014859788359788363,
          8.498583569404949e-07,
          0.0013219373219373219,
          -0.0022659142212189615,
          0.000365891472868217,
          -0.002411965811965812,
          -0.00333960113960114,
          -0.0015105105105105102,
          -0.002786774193548387,
          -0.0011423423423423422
        ]
      }
    },
    "above_threshold": {
      "scr": {
        "mean": 0.36572213702460304,
        "sd": 0.0861561585936842,
        "min": 0.2434463070942663,
        "max": 0.49157936507936506,
        "values": [
          0.49157936507936506,
          0.2434463070942663,
          0.3056309523809524,
          0.37972817460317465,
          0.47790873015873025,
          0.25815921606737935,
          0.38008989310009716,
          0.4350158730158731,
          0.31124206349206346,
          0.37442079525412864
        ]
      },
      "cdi": {
        "mean": -0.0013010609297438671,
        "sd": 0.0013200540139097182,
        "min": -0.0032152119700748134,
        "max": 0.0006128603104212862,
        "values": [
          0.0006128603104212862,
          -0.0008888349514563108,
          0.0002772079772079773,
          -0.0017525498891352552,
          -0.0032152119700748134,
          -0.0010583333333333332,
          3.553459119496883e-05,
          -0.002695565410199557,
          -0.0018344736842105258,
          -0.0024912429378531075
        ]
      }
    },
    "boundary": {
      "scr": {
        "mean": 0.40376589420279896,
        "sd": 0.06924294700468456,
        "min": 0.2884495464852608,
        "max": 0.47633730158730164,
        "values": [
          0.2884495464852608,
          0.41935225268558607,
          0.46849206349206346,
          0.4610119047619048,
          0.39047817460317463,
          0.35344246031746024,
          0.4236646825396825,
          0.47633730158730164,
          0.2992638888888889,
          0.45716666666666655
        ]
      },
      "cdi": {
        "mean": 0.00022343730583635081,
        "sd": 0.0005980467051517058,
        "min": -0.0007900249376558602,
        "max": 0.0011228412256267409,
        "values": [
          -1.1152416356877333e-05,
          0.0011228412256267409,
          2.283813747228364e-05,
          -1.623931623931627e-05,
          0.0008747228381374722,
          -0.00022618453865336658,
          0.0007455840455840455,
          0.0006616407982261641,
          -0.00014965277777777769,
          -0.0007900249376558602
        ]
      }
    }
  },
  "h1": {
    "U": 87.0,
    "p": 0.002897679272167355,
    "r": 0.74,
    "n1": 10,
    "n2": 10,
    "mean_a": 0.36572213702460304,
    "mean_b": 0.24743041437051475,
    "sd_a": 0.0861561585936842,
    "sd_b": 0.06219552608436967,
    "supported": true,
    "label": "H1: above_threshold > baseline (SCR)",
    "conditions": [
      "above_threshold",
      "baseline"
    ]
  },
  "h2": {
    "U": 39.0,
    "p": 0.8076634686322457,
    "r": -0.21999999999999997,
    "n1": 10,
    "n2": 10,
    "mean_a": 0.36572213702460304,
    "mean_b": 0.40376589420279896,
    "sd_a": 0.0861561585936842,
    "sd_b": 0.06924294700468456,
    "supported": false,
    "label": "H2: above_threshold > boundary (SCR)",
    "conditions": [
      "above_threshold",
      "boundary"
    ]
  },
  "h3a": {
    "label": "H3a: CDI in above_threshold \u2260 0 (Wilcoxon)",
    "W": 6.0,
    "p": 0.02734375,
    "median": -0.0014054416112342942,
    "mean": -0.0013010609297438671,
    "sd": 0.0013200540139097182,
    "near_zero": false
  },
  "h3b": {
    "label": "H3b: CDI differs across conditions (Kruskal-Wallis)",
    "H": 9.428780487804886,
    "p": 0.02410121198754542,
    "supported": true,
    "condition_means": {
      "baseline": -0.00037508391640233,
      "below_threshold": -0.001325440840200351,
      "above_threshold": -0.0013010609297438671,
      "boundary": 0.00022343730583635081
    }
  },
  "exploratory_depth_gradient": {
    "U": 86.0,
    "p": 0.0036422785047398308,
    "r": 0.72,
    "n1": 10,
    "n2": 10,
    "mean_a": 0.36832515154222234,
    "mean_b": 0.24743041437051475,
    "sd_a": 0.09631827478979067,
    "sd_b": 0.06219552608436967,
    "supported": true,
    "label": "Exploratory: below_threshold > baseline (SCR)",
    "conditions": [
      "below_threshold",
      "baseline"
    ]
  }
}